{
    "Nose": [
     0.33881139755249023,
     0.21594884991645813,
     -0.15806186199188232,
     0.9999804496765137
    ],
    "Left_eye_inner": [
     0.3473110795021057,
     0.20635977387428284,
     -0.18009231984615326,
     0.9999749660491943
    ],
    "Left_eye": [
     0.35015273094177246,
     0.20821264386177063,
     -0.18035277724266052,
     0.9999778270721436
    ],
    "Left_eye_outer": [
     0.353094220161438,
     0.21005526185035706,
     -0.18027561902999878,
     0.9999810457229614
    ],
    "Right_eye_inner": [
     0.3462057411670685,
     0.20414376258850098,
     -0.14280614256858826,
     0.9999840259552002
    ],
    "Right_eye": [
     0.34818077087402344,
     0.2046544849872589,
     -0.14310522377490997,
     0.9999891519546509
    ],
    "Right_eye_outer": [
     0.35030597448349,
     0.20517215132713318,
     -0.14320600032806396,
     0.9999914169311523
    ],
    "Left_ear": [
     0.3720552921295166,
     0.22203707695007324,
     -0.233789324760437,
     0.9999905824661255
    ],
    "Right_ear": [
     0.36992356181144714,
     0.21861547231674194,
     -0.06515038758516312,
     0.9999905824661255
    ],
    "Mouth_left": [
     0.34425294399261475,
     0.24009832739830017,
     -0.17203982174396515,
     0.9999890327453613
    ],
    "Mouth_right": [
     0.34386056661605835,
     0.23795321583747864,
     -0.12530937790870667,
     0.999985933303833
    ],
    "Left_shoulder": [
     0.41121795773506165,
     0.34313273429870605,
     -0.31170719861984253,
     0.9999709129333496
    ],
    "Right_shoulder": [
     0.38548964262008667,
     0.3218451142311096,
     0.1037369817495346,
     0.9998828172683716
    ],
    "Left_elbow": [
     0.4221683740615845,
     0.4957111179828644,
     -0.33491799235343933,
     0.9990358352661133
    ],
    "Right_elbow": [
     0.3812122642993927,
     0.4371117651462555,
     0.19785448908805847,
     0.6026699542999268
    ],
    "Left_wrist": [
     0.35765790939331055,
     0.5642153024673462,
     -0.2802523076534271,
     0.9989984631538391
    ],
    "Right_wrist": [
     0.3178561329841614,
     0.471829891204834,
     0.13041682541370392,
     0.9688780307769775
    ],
    "Left_pinky": [
     0.3417649269104004,
     0.5829888582229614,
     -0.312794953584671,
     0.998095691204071
    ],
    "Right_pinky": [
     0.29924532771110535,
     0.4754275381565094,
     0.1284772753715515,
     0.9748129844665527
    ],
    "Left_index": [
     0.33421432971954346,
     0.5634084939956665,
     -0.30363720655441284,
     0.9977303147315979
    ],
    "Right_index": [
     0.2970607876777649,
     0.4721224009990692,
     0.09805426001548767,
     0.9753296971321106
    ],
    "Left_thumb": [
     0.33811813592910767,
     0.5559868812561035,
     -0.27303415536880493,
     0.9946097135543823
    ],
    "Right_thumb": [
     0.3031230568885803,
     0.4722815752029419,
     0.11426381021738052,
     0.9678833484649658
    ],
    "Left_hip": [
     0.506675660610199,
     0.5309844613075256,
     -0.13164755702018738,
     0.9998726844787598
    ],
    "Right_hip": [
     0.4734829366207123,
     0.5251049399375916,
     0.1317206174135208,
     0.9998032450675964
    ],
    "Left_knee": [
     0.4604092240333557,
     0.7095284461975098,
     -0.25547537207603455,
     0.9997895359992981
    ],
    "Right_knee": [
     0.3629842698574066,
     0.6376368999481201,
     0.1306440681219101,
     0.874154806137085
    ],
    "Left_ankle": [
     0.5517034530639648,
     0.8897230625152588,
     -0.24554115533828735,
     0.999799907207489
    ],
    "Right_ankle": [
     0.43414831161499023,
     0.7859893441200256,
     0.2764163613319397,
     0.9077197909355164
    ],
    "Left_heel": [
     0.5769588351249695,
     0.9212547540664673,
     -0.2490423172712326,
     0.998823344707489
    ],
    "Right_heel": [
     0.4570450186729431,
     0.8098334074020386,
     0.28787562251091003,
     0.9243787527084351
    ],
    "Left_foot_index": [
     0.5031960010528564,
     0.9392820596694946,
     -0.36908090114593506,
     0.999625563621521
    ],
    "Right_foot_index": [
     0.38971948623657227,
     0.8360503911972046,
     0.23345299065113068,
     0.9405779242515564
    ]
   }