{
    "Nose": [
     0.6011430025100708,
     0.23127979040145874,
     -0.3714418113231659,
     0.9996190071105957
    ],
    "Left_eye_inner": [
     0.5939820408821106,
     0.2159755825996399,
     -0.35413074493408203,
     0.9991833567619324
    ],
    "Left_eye": [
     0.5927345752716064,
     0.216301828622818,
     -0.35464566946029663,
     0.9993670582771301
    ],
    "Left_eye_outer": [
     0.5918362140655518,
     0.21631476283073425,
     -0.3545708656311035,
     0.9995232820510864
    ],
    "Right_eye_inner": [
     0.5890268087387085,
     0.21485257148742676,
     -0.39089810848236084,
     0.9994317889213562
    ],
    "Right_eye": [
     0.583807647228241,
     0.2145245373249054,
     -0.39133888483047485,
     0.9995678067207336
    ],
    "Right_eye_outer": [
     0.578894853591919,
     0.21423214673995972,
     -0.391561895608902,
     0.9996258020401001
    ],
    "Left_ear": [
     0.5719352960586548,
     0.21974366903305054,
     -0.23707330226898193,
     0.9995249509811401
    ],
    "Right_ear": [
     0.552352786064148,
     0.21786746382713318,
     -0.3997354209423065,
     0.9989696741104126
    ],
    "Mouth_left": [
     0.5911104679107666,
     0.24789385497570038,
     -0.3195905387401581,
     0.9997811913490295
    ],
    "Mouth_right": [
     0.5855204463005066,
     0.2464699149131775,
     -0.37007805705070496,
     0.9997890591621399
    ],
    "Left_shoulder": [
     0.5847641229629517,
     0.3070968687534332,
     -0.07192912697792053,
     0.9999935626983643
    ],
    "Right_shoulder": [
     0.45860159397125244,
     0.295419305562973,
     -0.4331898093223572,
     0.9999897480010986
    ],
    "Left_elbow": [
     0.5744898319244385,
     0.41302043199539185,
     -0.10697533935308456,
     0.8790673017501831
    ],
    "Right_elbow": [
     0.42211443185806274,
     0.42588216066360474,
     -0.46883031725883484,
     0.994062602519989
    ],
    "Left_wrist": [
     0.5829102993011475,
     0.4784376919269562,
     -0.42723217606544495,
     0.9448317885398865
    ],
    "Right_wrist": [
     0.537468433380127,
     0.49487245082855225,
     -0.5200406908988953,
     0.9885587692260742
    ],
    "Left_pinky": [
     0.5875751376152039,
     0.49919742345809937,
     -0.4829114079475403,
     0.9376600980758667
    ],
    "Right_pinky": [
     0.5590853095054626,
     0.5098275542259216,
     -0.5930839776992798,
     0.9811723828315735
    ],
    "Left_index": [
     0.5967079401016235,
     0.4812515377998352,
     -0.5336394309997559,
     0.94247967004776
    ],
    "Right_index": [
     0.5731065273284912,
     0.49251046776771545,
     -0.5975881218910217,
     0.9814510345458984
    ],
    "Left_thumb": [
     0.5910190939903259,
     0.4725959897041321,
     -0.4541478753089905,
     0.9185196757316589
    ],
    "Right_thumb": [
     0.5656901597976685,
     0.4843128025531769,
     -0.5244142413139343,
     0.958525538444519
    ],
    "Left_hip": [
     0.44979169964790344,
     0.5044280290603638,
     0.1353640854358673,
     0.9999798536300659
    ],
    "Right_hip": [
     0.35863247513771057,
     0.4968571960926056,
     -0.13523134589195251,
     0.999980092048645
    ],
    "Left_knee": [
     0.542643666267395,
     0.6461007595062256,
     0.12189790606498718,
     0.7874706387519836
    ],
    "Right_knee": [
     0.3659486770629883,
     0.6738985776901245,
     -0.3037738800048828,
     0.9962867498397827
    ],
    "Left_ankle": [
     0.5749126076698303,
     0.8262372016906738,
     0.2631777822971344,
     0.9095320701599121
    ],
    "Right_ankle": [
     0.3035762310028076,
     0.8546903133392334,
     -0.22779642045497894,
     0.9915498495101929
    ],
    "Left_heel": [
     0.5545772314071655,
     0.8576809167861938,
     0.2636556029319763,
     0.777608335018158
    ],
    "Right_heel": [
     0.27856916189193726,
     0.8833764791488647,
     -0.22715049982070923,
     0.8531914949417114
    ],
    "Left_foot_index": [
     0.647788405418396,
     0.863680362701416,
     0.10499322414398193,
     0.946922242641449
    ],
    "Right_foot_index": [
     0.35959693789482117,
     0.902432382106781,
     -0.42312002182006836,
     0.9869801998138428
    ]
   }